"Rank","Player","Pos","Team
                        Signed With","Age
                        At Signing","Start","End","Yrs","Value","AAV","Type"
"1","Jayson Tatum","PF","BOS
                     BOS","26","2025","2029","5","$313,933,410","$62,786,682","Designated Veteran Extension"
"2","Jaylen Brown","SF","BOS
                     BOS","26","2024","2028","5","$285,393,640","$57,078,728","Designated Veteran Extension"
"3","Giannis Antetokounmpo","PF","MIL
                     MIL","26","2021","2025","5","$228,200,420","$45,640,084","Designated Veteran Extension"
"4","Franz Wagner","SF","ORL
                     ORL","22","2025","2029","5","$224,238,150","$44,847,630","Rookie Extension"
"5","Scottie Barnes","PF","TOR
                     TOR","22","2025","2029","5","$224,237,860","$44,847,572","Designated Rookie Extension"
"6","OG Anunoby","SF","NYK
                     NYK","26","2024","2028","5","$212,500,000","$42,500,000","Free Agent"
"7","Zion Williamson","PF","NOP
                     NOP","22","2023","2027","5","$197,230,450","$39,446,090","Designated Rookie Extension"
"8","Kevin Durant","SF","BKN
                     BKN","32","2022","2025","4","$194,219,320","$48,554,830","Maximum Veteran Extension"
"9","Pascal Siakam","PF","IND
                     IND","30","2024","2027","4","$188,950,272","$47,237,568","Free Agent"
"10","Domantas Sabonis","PF","SAC
                     SAC","27","2024","2027","4","$186,016,000","$46,504,000","Veteran Extension"
"11","Tobias Harris","PF","PHI
                     PHI","26","2019","2023","5","$180,000,000","$36,000,000","maximum"
"12","Michael Porter Jr.","SF","DEN
                     DEN","23","2022","2026","5","$179,299,750","$35,859,950","Designated Rookie Extension"
"13","Khris Middleton","SF","MIL
                     MIL","27","2019","2023","5","$177,500,000","$35,500,000","Free Agent"
"14","Kawhi Leonard","SF","LAC
                     LAC","30","2021","2024","4","$176,265,152","$44,066,288","maximum"
"15","Giannis Antetokounmpo","PF","MIL
                     MIL","28","2025","2027","3","$175,369,471","$58,456,490","Maximum Veteran Extension"
"16","Kevin Durant","SF","GSW
                     GSW","30","2019","2022","4","$164,255,700","$41,063,925","maximum"
"17","Jayson Tatum","PF","BOS
                     BOS","22","2021","2025","5","$163,000,300","$32,600,060","Designated Rookie Extension"
"18","Jerami Grant","PF","POR
                     POR","29","2023","2027","5","$160,000,000","$32,000,000","Free Agent"
"T19","Brandon Ingram","SF","NOP
                     NOP","23","2020","2024","5","$158,253,000","$31,650,600","maximum"
"T19","Kristaps Porzingis","PF","DAL
                     DAL","23","2019","2023","5","$158,253,000","$31,650,600","maximum"
"21","LeBron James","PF","LAL
                     LAL","33","2018","2021","4","$153,312,846","$38,328,212","maximum"
"22","Kawhi Leonard","SF","LAC
                     LAC","32","2024","2026","3","$149,505,800","$49,835,267","Maximum Veteran Extension"
"23","Andrew Wiggins","SF","MIN
                     MIN","22","2018","2022","5","$147,710,050","$29,542,010","Designated Rookie Extension"
"24","Jimmy Butler","SF","MIA
                     MIA","31","2023","2025","3","$146,396,031","$48,798,677","Maximum Veteran Extension"
"25","Jimmy Butler","SF","PHI
                     PHI","29","2019","2022","4","$140,790,600","$35,197,650","maximum"
"26","DeMar DeRozan","SF","TOR
                     TOR","26","2016","2020","5","$139,000,000","$27,800,000","maximum"
"27","Pascal Siakam","PF","TOR
                     TOR","25","2020","2023","4","$136,905,216","$34,226,304","rookie-maximum-extension"
"28","Kobe Bryant","SF","LAL
                     LAL","25","2004","2010","7","$136,434,375","$19,490,625",""
"29","Jaden McDaniels","PF","MIN
                     MIN","23","2024","2028","5","$131,000,000","$26,200,000","Rookie Extension"
"30","Gordon Hayward","SF","BOS
                     BOS","26","2017","2020","4","$127,829,970","$31,957,493","maximum"
"31","Kevin Garnett","PF","MIN
                     MIN","21","1998","2003","6","$126,016,300","$21,002,717","Rookie Extension"
"32","John Collins","PF","ATL
                     ATL","23","2021","2025","5","$125,000,000","$25,000,000","Free Agent"
"33","Carmelo Anthony","PF","NYK
                     NYK","29","2014","2018","5","$124,064,681","$24,812,936","maximum"
"34","Tim Duncan","PF","SAS
                     SAS","26","2003","2009","7","$122,007,706","$17,429,672",""
"T35","Nicolas Batum","SF","CHA
                     CHA","27","2016","2020","5","$120,000,000","$24,000,000",""
"T35","Gordon Hayward","SF","CHA
                     CHA","30","2020","2023","4","$120,000,000","$30,000,000","sign-and-trade"
"37","Chris Bosh","PF","MIA
                     MIA","29","2014","2018","5","$118,705,300","$23,741,060","maximum"
"38","Rashard Lewis","PF","ORL
                     ORL","27","2007","2012","6","$118,200,000","$19,700,000","Free Agent"
"39","Julius Randle","PF","NYK
                     NYK","26","2022","2025","4","$117,089,280","$29,272,320","Veteran Extension"
"40","Chris Webber","PF","SAC
                     SAC","27","2001","2007","7","$116,287,500","$16,612,500",""
"T41","LeBron James","PF","CLE
                     CLE","25","2010","2013","6","$109,837,500","$18,306,250","sign-and-trade"
"T41","Chris Bosh","PF","TOR
                     TOR","25","2010","2013","6","$109,837,500","$18,306,250","sign-and-trade"
"43","Andrew Wiggins","SF","GSW
                     GSW","27","2023","2026","4","$109,000,002","$27,250,001","Veteran Extension"
"44","Otto Porter Jr.","SF","WAS
                     WAS","23","2017","2020","4","$106,524,975","$26,631,244","maximum"
"45","Jaylen Brown","SF","BOS
                     BOS","23","2020","2023","4","$106,333,334","$26,583,334","Rookie Extension"
"46","Juwan Howard","PF","WAS
                     WAS","22","1996","2002","7","$105,375,000","$15,053,571",""
"47","Jaren Jackson Jr.","PF","MEM
                     MEM","22","2022","2025","4","$104,720,000","$26,180,000","Rookie Extension"
"48","Kawhi Leonard","SF","LAC
                     LAC","27","2019","2021","3","$103,137,300","$34,379,100","maximum"
"49","LeBron James","PF","LAL
                     LAL","39","2024","2025","2","$101,355,998","$50,677,999","maximum"
"T50","Draymond Green","PF","GSW
                     GSW","33","2023","2026","4","$100,000,000","$25,000,000","Free Agent"
"T50","Giannis Antetokounmpo","PF","MIL
                     MIL","22","2017","2020","4","$100,000,000","$25,000,000","Rookie Extension"
"T50","Kevin Garnett","PF","MIN
                     MIN","27","2004","2008","5","$100,000,000","$20,000,000","Veteran Extension"
"53","LeBron James","PF","CLE
                     CLE","31","2016","2017","3","$99,857,127","$33,285,709","maximum"
"54","Amar'e Stoudemire","PF","PHX
                     PHX","27","2010","2014","5","$99,743,996","$19,948,799",""
"55","Draymond Green","PF","GSW
                     GSW","29","2020","2023","4","$99,666,362","$24,916,591","Veteran Extension"
"56","LeBron James","PF","LAL
                     LAL","37","2023","2024","2","$99,023,288","$49,511,644","Maximum Veteran Extension"
"57","Cameron Johnson","SF","BKN
                     BKN","27","2023","2026","4","$94,500,000","$23,625,000","Free Agent"
"58","Harrison Barnes","PF","DAL
                     DAL","23","2016","2019","4","$94,438,525","$23,609,631","maximum"
"59","Chandler Parsons","SF","MEM
                     MEM","27","2016","2019","4","$94,438,523","$23,609,631","maximum"
"60","Kawhi Leonard","SF","SAS
                     SAS","23","2015","2019","5","$94,343,126","$18,868,625","rookie-maximum-extension"
"T61","Jalen Rose","SF","IND
                     IND","26","2000","2006","7","$93,000,000","$13,285,714",""
"T61","Khris Middleton","SF","MIL
                     MIL","31","2023","2025","3","$93,000,000","$31,000,000","Free Agent"
"63","Grant Hill","SF","ORL
                     ORL","27","2000","2006","7","$92,960,250","$13,280,036",""
"64","Jimmy Butler","SF","CHI
                     CHI","25","2015","2019","5","$92,339,878","$18,467,976",""
"65","Kenyon Martin","PF","DEN
                     DEN","26","2004","2010","7","$91,000,000","$13,000,000",""
"66","Mikal Bridges","SF","PHX
                     PHX","25","2022","2025","4","$90,900,000","$22,725,000","Rookie Extension"
"T67","Duncan Robinson","SF","MIA
                     MIA","27","2021","2025","5","$90,000,000","$18,000,000","Free Agent"
"T67","De'Andre Hunter","SF","ATL
                     ATL","24","2023","2026","4","$90,000,000","$22,500,000","Rookie Extension"
"T67","Paul Millsap","PF","DEN
                     DEN","31","2017","2019","3","$90,000,000","$30,000,000","Free Agent"
"T67","Kyle Kuzma","PF","WAS
                     WAS","27","2023","2026","4","$90,000,000","$22,500,000","Free Agent"
"T67","Patrick Williams","PF","CHI
                     CHI","22","2024","2028","5","$90,000,000","$18,000,000","Free Agent"
"72","Kevin Durant","SF","OKC
                     OKC","22","2011","2015","5","$89,163,134","$17,832,627","rookie-maximum-extension"
"73","Aaron Gordon","PF","DEN
                     DEN","26","2022","2025","4","$86,640,001","$21,660,000","Veteran Extension"
"74","Andrei Kirilenko","SF","UTA
                     UTA","23","2005","2010","6","$86,435,749","$14,405,958","Extension"
"75","Shawn Marion","SF","PHX
                     PHX","24","2003","2008","6","$86,310,000","$14,385,000","Extension"
"76","Dillon Brooks","SF","MEM
                     MEM","27","2023","2026","4","$86,000,001","$21,500,000","sign-and-trade"
"77","LeBron James","PF","LAL
                     LAL","35","2021","2022","2","$85,655,532","$42,827,766","Maximum Veteran Extension"
"78","Harrison Barnes","PF","SAC
                     SAC","26","2019","2022","4","$85,000,000","$21,250,000","Free Agent"
"79","Zach Randolph","PF","POR
                     POR","23","2005","2010","6","$84,333,334","$14,055,556","Rookie Extension"
"80","LaMarcus Aldridge","PF","SAS
                     SAS","29","2015","2018","4","$84,072,030","$21,018,008","maximum"
"81","Kobe Bryant","SF","LAL
                     LAL","32","2011","2013","3","$83,547,447","$27,849,149","Veteran Extension"
"82","Rudy Gay","PF","MEM
                     MEM","23","2010","2014","5","$82,302,690","$16,460,538",""
"83","Elton Brand","PF","LAC
                     LAC","23","2003","2007","6","$82,200,000","$13,700,000","Free Agent"
"84","Draymond Green","PF","GSW
                     GSW","24","2015","2019","5","$82,000,000","$16,400,000",""
"85","DeMar DeRozan","SF","CHI
                     CHI","32","2021","2023","3","$81,900,000","$27,300,000","sign-and-trade"
"86","Andre Iguodala","SF","PHI
                     PHI","23","2008","2013","6","$80,500,000","$13,416,667","Free Agent"
"T87","Dirk Nowitzki","PF","DAL
                     DAL","31","2010","2013","4","$80,000,000","$20,000,000",""
"T87","Rasheed Wallace","PF","POR
                     POR","23","1998","2003","6","$80,000,000","$13,333,333","Extension"
"T87","Ryan Anderson","PF","HOU
                     HOU","27","2016","2019","4","$80,000,000","$20,000,000",""
"T87","Aaron Gordon","PF","ORL
                     ORL","22","2018","2021","4","$80,000,000","$20,000,000",""
"T87","Davis Bertans","PF","WAS
                     WAS","28","2020","2024","5","$80,000,000","$16,000,000","Free Agent"
"92","Elton Brand","PF","PHI
                     PHI","28","2008","2012","5","$79,795,494","$15,959,099","Free Agent"
"93","David Lee","PF","NYK
                     NYK","26","2010","2015","6","$79,537,680","$13,256,280",""
"94","Antawn Jamison","PF","GSW
                     GSW","25","2002","2007","6","$79,283,532","$13,213,922","Extension"
"95","Paul Pierce","SF","BOS
                     BOS","24","2002","2006","6","$79,283,512","$13,213,919",""
"96","Carmelo Anthony","PF","DEN
                     DEN","22","2007","2011","5","$78,899,560","$15,779,912","rookie-maximum-extension"
"97","Scottie Pippen","SF","CHI
                     CHI","33","1999","2002","5","$77,356,730","$15,471,346","sign-and-trade"
"98","Amar'e Stoudemire","PF","PHX
                     PHX","23","2006","2009","5","$75,352,750","$15,070,550","Extension"
"T99","Miles Bridges","SF","CHA
                     CHA","26","2024","2026","3","$75,000,000","$25,000,000","Free Agent"
"T99","Carlos Boozer","PF","CHI
                     CHI","28","2010","2013","5","$75,000,000","$15,000,000",""
"101","Domantas Sabonis","PF","IND
                     IND","27","2020","2023","4","$74,900,000","$18,725,000","Rookie Extension"
"102","Chris Webber","PF","GSW
                     GSW","19","1993","2007","15","$74,400,000","$4,960,000","Rookie"
"103","DeMar DeRozan","SF","CHI
                     CHI","34","2024","2026","3","$73,890,000","$24,630,000","sign-and-trade"
"T104","Chris Webber","PF","GSW
                     GSW","20","1994","2005","12","$73,100,000","$6,091,667",""
"T104","Bojan Bogdanovic","SF","UTA
                     UTA","29","2019","2022","4","$73,100,000","$18,275,000","Free Agent"
"T106","OG Anunoby","SF","TOR
                     TOR","23","2021","2024","4","$72,000,000","$18,000,000","Rookie Extension"
"T106","Luol Deng","SF","LAL
                     LAL","30","2016","2019","4","$72,000,000","$18,000,000",""
"108","Lamar Odom","PF","MIA
                     MIA","23","2003","2008","6","$71,723,313","$11,953,886",""
"109","Luol Deng","SF","CHI
                     CHI","22","2008","2013","6","$71,005,425","$11,834,238",""
"110","Antoine Walker","PF","BOS
                     BOS","22","1999","2004","6","$70,880,000","$11,813,333","Extension"
"111","Carlos Boozer","PF","UTA
                     UTA","22","2004","2009","6","$70,196,599","$11,699,433",""
"T112","Khris Middleton","SF","MIL
                     MIL","23","2015","2019","5","$70,000,000","$14,000,000",""
"T112","Evan Turner","SF","POR
                     POR","27","2016","2019","4","$70,000,000","$17,500,000",""
"114","Jonathan Isaac","PF","ORL
                     ORL","23","2021","2024","4","$69,600,000","$17,400,000","Rookie Extension"
"115","Dirk Nowitzki","PF","DAL
                     DAL","27","2006","2009","4","$69,335,337","$17,333,834","Extension"
"116","Lauri Markkanen","PF","CHI
                     CHI","24","2021","2024","4","$67,470,906","$16,867,727","sign-and-trade"
"117","Karl Malone","PF","UTA
                     UTA","35","1999","2002","4","$66,500,000","$16,625,000",""
"118","Zach Randolph","PF","MEM
                     MEM","29","2011","2014","4","$66,000,000","$16,500,000","Veteran Extension"
"119","LaMarcus Aldridge","PF","POR
                     POR","24","2010","2014","5","$65,000,000","$13,000,000","Rookie Extension"
"120","Danilo Gallinari","PF","DEN
                     DEN","28","2017","2019","3","$64,762,737","$21,587,579","sign-and-trade"
"121","Carmelo Anthony","PF","NYK
                     NYK","27","2012","2013","3","$64,166,861","$21,388,954","Veteran Extension"
"T122","Tobias Harris","PF","ORL
                     ORL","22","2015","2018","4","$64,000,000","$16,000,000",""
"T122","Marcus Morris Sr.","SF","LAC
                     LAC","31","2020","2023","4","$64,000,000","$16,000,000","Free Agent"
"124","Peja Stojakovic","SF","IND
                     IND","2,005","2006","2010","5","$63,280,000","$12,656,000",""
"125","Gordon Hayward","SF","UTA
                     UTA","23","2014","2017","4","$62,965,420","$15,741,355","maximum"
"126","Julius Randle","PF","NYK
                     NYK","24","2019","2021","3","$62,100,000","$20,700,000","Free Agent"
"127","Kevin Durant","SF","GSW
                     GSW","29","2018","2019","2","$61,500,000","$30,750,000","Free Agent"
"128","Danilo Gallinari","PF","ATL
                     ATL","32","2020","2022","3","$61,425,000","$20,475,000","sign-and-trade"
"129","Paul Pierce","SF","BOS
                     BOS","32","2010","2013","4","$61,333,334","$15,333,334",""
"130","Richard Jefferson","SF","NJN
                     NJN","24","2005","2009","5","$61,000,000","$12,200,000","Extension"
"131","LeBron James","PF","CLE
                     CLE","22","2007","2010","4","$60,380,987","$15,095,247","Extension"
"132","Paul Millsap","PF","ATL
                     ATL","29","2015","2017","3","$60,216,100","$20,072,033",""
"133","Jerami Grant","PF","DET
                     DET","25","2020","2022","3","$60,007,500","$20,002,500","sign-and-trade"
"T134","Danny Granger","SF","IND
                     IND","25","2009","2013","5","$60,000,000","$12,000,000",""
"T134","Kristaps Porzingis","PF","BOS
                     BOS","27","2024","2025","2","$60,000,000","$30,000,000","Veteran Extension"
"136","Jonathan Isaac","PF","ORL
                     ORL","26","2025","2028","4","$59,000,000","$14,750,000","Veteran Extension"
"137","Rasheed Wallace","PF","DET
                     DET","29","2004","2008","5","$58,700,000","$11,740,000",""
"T138","Chris Webber","PF","WAS
                     WAS","21","1995","2000","6","$58,500,000","$9,750,000",""
"T138","Antonio McDyess","PF","DEN
                     DEN","24","1999","2003","5","$58,500,000","$11,700,000",""
"T140","Obi Toppin","PF","IND
                     IND","26","2024","2027","4","$58,000,000","$14,500,000","Free Agent"
"T140","Josh Smith","SF","ATL
                     ATL","22","2008","2012","5","$58,000,000","$11,600,000",""
"T140","DeMarre Carroll","SF","TOR
                     TOR","28","2015","2018","4","$58,000,000","$14,500,000",""
"143","Troy Murphy","PF","GSW
                     GSW","24","2005","2010","6","$57,999,998","$9,666,666",""
"144","Zaccharie Risacher","SF","ATL
                     ATL","19","2024","2027","4","$57,027,437","$14,256,859","Rookie"
"145","Kobe Bryant","SF","LAL
                     LAL","20","1999","2003","5","$56,255,000","$11,251,000","Rookie Extension"
"146","Dorian Finney-Smith","PF","DAL
                     DAL","28","2022","2025","4","$55,560,960","$13,890,240","Veteran Extension"
"147","Deni Avdija","SF","WAS
                     WAS","22","2024","2027","4","$55,000,000","$13,750,000","Rookie Extension"
"148","Marvin Williams","PF","CHA
                     CHA","29","2016","2019","4","$54,512,500","$13,628,125",""
"149","Kevin Durant","SF","GSW
                     GSW","27","2016","2017","2","$54,274,505","$27,137,253","maximum"
"T150","Josh Smith","SF","DET
                     DET","27","2013","2016","4","$54,000,000","$13,500,000",""
"T150","Thaddeus Young","PF","BKN
                     BKN","26","2015","2018","4","$54,000,000","$13,500,000",""
"T150","Terrence Ross","SF","ORL
                     ORL","27","2019","2022","4","$54,000,000","$13,500,000","Free Agent"
"T150","Harrison Barnes","PF","SAC
                     SAC","31","2023","2025","3","$54,000,000","$18,000,000","Veteran Extension"
"154","Herb Jones","SF","NOP
                     NOP","24","2023","2026","4","$53,827,872","$13,456,968","Free Agent"
"155","Grant Williams","PF","BOS
                     BOS","24","2023","2026","4","$53,341,500","$13,335,375","sign-and-trade"
"156","Jamal Mashburn","SF","CHA
                     CHA","27","2000","2006","6","$53,100,000","$8,850,000","Extension"
"157","Hedo Turkoglu","SF","TOR
                     TOR","29","2009","2013","5","$52,800,000","$10,560,000",""
"T158","Michael Kidd-Gilchrist","SF","CHA
                     CHA","22","2016","2019","4","$52,000,000","$13,000,000","Rookie Extension"
"T158","Joe Ingles","SF","UTA
                     UTA","29","2017","2020","4","$52,000,000","$13,000,000",""
"T158","Tobias Harris","PF","DET
                     DET","31","2024","2025","2","$52,000,000","$26,000,000","Free Agent"
"161","Kevin Garnett","PF","BOS
                     BOS","32","2009","2011","3","$51,300,000","$17,100,000","Veteran Extension"
"162","Kevin Durant","SF","GSW
                     GSW","28","2017","2018","2","$51,250,000","$25,625,000","Free Agent"
"163","Alex Sarr","PF","WAS
                     WAS","19","2024","2027","4","$51,036,398","$12,759,100","Rookie"
"164","Rui Hachimura","PF","LAL
                     LAL","25","2023","2025","3","$51,000,000","$17,000,000","Free Agent"
"165","Paolo Banchero","PF","ORL
                     ORL","19","2022","2025","4","$50,158,769","$12,539,692","Rookie"
"T166","Brandon Clarke","PF","MEM
                     MEM","26","2023","2026","4","$50,000,000","$12,500,000","Rookie Extension"
"T166","Antawn Jamison","PF","WAS
                     WAS","31","2008","2011","4","$50,000,000","$12,500,000","Extension"
"T166","Kenneth Faried","PF","DEN
                     DEN","25","2015","2018","4","$50,000,000","$12,500,000","Rookie Extension"
"T166","Kelly Olynyk","PF","MIA
                     MIA","25","2017","2020","4","$50,000,000","$12,500,000",""
"T166","LaMarcus Aldridge","PF","SAS
                     SAS","33","2019","2020","2","$50,000,000","$25,000,000","Veteran Extension"
"171","Horace Grant","PF","ORL
                     ORL","30","1996","2000","5","$49,438,095","$9,887,619","Free Agent"
"172","Brandon Miller","SF","CHA
                     CHA","20","2023","2026","4","$49,378,426","$12,344,607","Rookie"
"173","Bobby Portis","PF","MIL
                     MIL","27","2022","2025","4","$48,578,208","$12,144,552","Free Agent"
"174","Kobe Bryant","SF","LAL
                     LAL","35","2014","2015","2","$48,500,000","$24,250,000","Veteran Extension"
"175","Anderson Varejao","PF","CLE
                     CLE","26","2009","2014","6","$48,300,000","$8,050,000",""
"176","Corey Maggette","SF","GSW
                     GSW","28","2008","2012","5","$48,124,137","$9,624,827",""
"177","Gerald Wallace","SF","CHA
                     CHA","24","2007","2011","5","$48,075,000","$9,615,000",""
"T178","Andre Iguodala","SF","DEN
                     DEN","28","2013","2016","4","$48,000,000","$12,000,000","sign-and-trade"
"T178","Solomon Hill","SF","NOP
                     NOP","24","2016","2019","4","$48,000,000","$12,000,000",""
"T178","Andre Iguodala","SF","GSW
                     GSW","32","2017","2019","3","$48,000,000","$16,000,000","Free Agent"
"T178","Quentin Richardson","PF","PHX
                     PHX","23","2004","2009","6","$48,000,000","$8,000,000",""
"T178","Jarred Vanderbilt","PF","LAL
                     LAL","24","2024","2027","4","$48,000,000","$12,000,000","Veteran Extension"
"T178","John Henson","PF","MIL
                     MIL","25","2016","2019","4","$48,000,000","$12,000,000","Rookie Extension"
"184","Dirk Nowitzki","PF","DAL
                     DAL","23","2002","2005","4","$47,821,813","$11,955,453","Extension"
"185","Tayshaun Prince","SF","DET
                     DET","25","2006","2010","5","$47,500,000","$9,500,000","Extension"
"186","Luis Scola","PF","HOU
                     HOU","29","2010","2014","5","$47,041,037","$9,408,207",""
"187","T.J. Warren","SF","PHX
                     PHX","24","2018","2021","4","$47,000,000","$11,750,000","Rookie Extension"
"188","LeBron James","PF","CLE
                     CLE","30","2015","2016","2","$46,974,673","$23,487,337","maximum"
"189","Robert Covington","PF","PHI
                     PHI","27","2018","2021","4","$46,879,127","$11,719,782","Veteran Extension"
"T190","Wilson Chandler","SF","DEN
                     DEN","27","2015","2018","4","$46,500,000","$11,625,000","Veteran Extension"
"T190","PJ Washington","PF","CHA
                     CHA","25","2023","2025","3","$46,500,000","$15,500,000","Free Agent"
"192","Nicolas Batum","SF","POR
                     POR","23","2012","2015","4","$46,121,500","$11,530,375",""
"193","Chandler Parsons","SF","DAL
                     DAL","25","2014","2016","3","$46,084,500","$15,361,500",""
"194","Caron Butler","SF","MIA
                     MIA","25","2006","2010","5","$45,249,900","$9,049,980",""
"195","Danilo Gallinari","PF","DEN
                     DEN","26","2015","2017","3","$45,150,000","$15,050,000","Veteran Extension"
"196","Mike Dunleavy","SF","IND
                     IND","21","2002","2010","5","$45,000,000","$9,000,000","Extension"
"197","Larry Nance Jr.","PF","CLE
                     CLE","25","2019","2022","4","$44,800,000","$11,200,000","Rookie Extension"
"198","Zion Williamson","PF","NOP
                     NOP","18","2019","2022","4","$44,271,137","$11,067,784","Rookie"
"199","Thaddeus Young","PF","CHI
                     CHI","30","2019","2021","3","$43,635,000","$14,545,000","Free Agent"
"200","James Johnson","PF","MIA
                     MIA","29","2017","2019","3","$43,295,100","$14,431,700",""
"201","Thaddeus Young","PF","PHI
                     PHI","22","2011","2014","5","$43,000,000","$8,600,000",""
"202","Chris Bosh","PF","TOR
                     TOR","22","2007","2009","3","$42,645,493","$14,215,164","rookie-maximum-extension"
"203","LeBron James","PF","CLE
                     CLE","29","2014","2014","2","$42,217,798","$21,108,899","maximum"
"T204","Royce O'Neale","SF","PHX
                     PHX","31","2024","2027","4","$42,000,000","$10,500,000","Free Agent"
"T204","Danilo Gallinari","PF","DEN
                     DEN","23","2012","2015","4","$42,000,000","$10,500,000","Rookie Extension"
"T204","Jon Leuer","PF","DET
                     DET","26","2016","2019","4","$42,000,000","$10,500,000",""
"T204","Maurice Harkless","SF","POR
                     POR","22","2016","2019","4","$42,000,000","$10,500,000",""
"208","Doug McDermott","SF","SAS
                     SAS","29","2021","2023","3","$41,250,000","$13,750,000","sign-and-trade"
"209","Metta World Peace","SF","CHI
                     CHI","23","2003","2008","6","$40,800,000","$6,800,000","Extension"
"210","Jerry Stackhouse","SF","DET
                     DET","23","1998","2004","7","$40,540,750","$5,791,536",""
"211","Jabari Smith Jr.","PF","HOU
                     HOU","19","2022","2025","4","$40,330,432","$10,082,608","Rookie"
"212","Shawn Marion","SF","TOR
                     TOR","30","2009","2013","5","$40,019,211","$8,003,842",""
"213","Gerald Wallace","SF","BKN
                     BKN","29","2012","2015","4","$40,000,030","$10,000,008",""
"T214","Danny Green","SF","SAS
                     SAS","27","2015","2018","4","$40,000,000","$10,000,000",""
"T214","Tyrus Thomas","PF","CHA
                     CHA","23","2010","2014","5","$40,000,000","$8,000,000",""
"T214","Tim Duncan","PF","SAS
                     SAS","33","2010","2011","2","$40,000,000","$20,000,000","Veteran Extension"
"T214","Ersan Ilyasova","PF","MIL
                     MIL","24","2012","2016","5","$40,000,000","$8,000,000",""
"T214","Rudy Gay","PF","SAC
                     SAC","28","2015","2017","3","$40,000,000","$13,333,333","Veteran Extension"
"219","John Salmons","SF","MIL
                     MIL","30","2010","2014","5","$39,166,000","$7,833,200",""
"220","Bojan Bogdanovic","SF","DET
                     DET","33","2023","2024","2","$39,032,850","$19,516,425","Veteran Extension"
"221","Kyle Kuzma","PF","LAL
                     LAL","25","2021","2023","3","$39,000,000","$13,000,000","Rookie Extension"
"222","Richard Jefferson","SF","SAS
                     SAS","29","2010","2013","4","$38,892,000","$9,723,000",""
"223","Stephen Jackson","SF","ATL
                     ATL","25","2004","2009","6","$38,250,000","$6,375,000","sign-and-trade"
"224","DeMar DeRozan","SF","TOR
                     TOR","23","2013","2016","4","$38,000,000","$9,500,000","Rookie Extension"
"225","David West","PF","NOH
                     NOH","26","2007","2010","4","$37,875,000","$9,468,750",""
"226","Paul Pierce","SF","BOS
                     BOS","30","2008","2009","2","$37,873,615","$18,936,808",""
"227","Charlie Villanueva","PF","DET
                     DET","24","2009","2013","5","$37,700,000","$7,540,000",""
"T228","Marvin Williams","PF","ATL
                     ATL","22","2009","2013","5","$37,500,000","$7,500,000",""
"T228","Andres Nocioni","PF","CHI
                     CHI","2,007","2008","2012","5","$37,500,000","$7,500,000",""
"T228","Marvin Bagley III","PF","DET
                     DET","23","2022","2024","3","$37,500,000","$12,500,000","Free Agent"
"231","Ron Holland","SF","DET
                     DET","18","2024","2027","4","$37,463,383","$9,365,846","Rookie"
"232","Kelly Olynyk","PF","DET
                     DET","30","2021","2023","3","$37,195,122","$12,398,374","Free Agent"
"233","Kyle Anderson","PF","MEM
                     MEM","24","2018","2021","4","$37,156,300","$9,289,075",""
"234","Shane Battier","SF","MEM
                     MEM","26","2005","2010","6","$36,847,500","$6,141,250","Extension"
"235","Hedo Turkoglu","SF","ORL
                     ORL","24","2004","2008","6","$36,772,500","$6,128,750",""
"236","Evan Mobley","PF","CLE
                     CLE","20","2021","2024","4","$36,664,177","$9,166,044","Rookie"
"237","David West","PF","IND
                     IND","32","2013","2015","3","$36,600,000","$12,200,000",""
"238","Keegan Murray","PF","SAC
                     SAC","21","2022","2025","4","$36,371,093","$9,092,773","Rookie"
"239","Marvin Bagley III","PF","SAC
                     SAC","18","2018","2021","4","$36,137,474","$9,034,369","Rookie"
"T240","Royce O'Neale","SF","UTA
                     UTA","26","2020","2023","4","$36,000,000","$9,000,000","Veteran Extension"
"T240","Kevin Garnett","PF","BOS
                     BOS","35","2012","2014","3","$36,000,000","$12,000,000",""
"T240","Tiago Splitter","PF","SAS
                     SAS","27","2013","2016","4","$36,000,000","$9,000,000",""
"243","Maxi Kleber","PF","DAL
                     DAL","26","2019","2022","4","$35,600,000","$8,900,000","Free Agent"
"244","Al Harrington","PF","ATL
                     ATL","25","2006","2009","4","$35,303,750","$8,825,938","sign-and-trade"
"245","Chris Boucher","PF","TOR
                     TOR","29","2022","2024","3","$35,250,000","$11,750,000","Free Agent"
"246","Jeff Green","PF","BOS
                     BOS","25","2012","2015","4","$35,200,000","$8,800,000",""
"247","Caleb Martin","SF","MIA
                     MIA","28","2024","2027","4","$35,040,704","$8,760,176","Free Agent"
"T248","Jason Caffey","PF","GSW
                     GSW","24","1998","2004","7","$35,000,000","$5,000,000","Free Agent"
"T248","Travis Outlaw","SF","NJN
                     NJN","26","2011","2014","5","$35,000,000","$7,000,000",""
"T248","Corey Maggette","SF","LAC
                     LAC","23","2003","2007","5","$35,000,000","$7,000,000",""
"T248","Jae Crowder","SF","BOS
                     BOS","24","2015","2019","5","$35,000,000","$7,000,000",""
"T248","Dillon Brooks","SF","MEM
                     MEM","23","2020","2022","3","$35,000,000","$11,666,667","Rookie Extension"
"253","Brian Cardinal","PF","MEM
                     MEM","2,003","2004","2009","6","$34,596,300","$5,766,050",""
"254","Tidjane Salaun","PF","CHA
                     CHA","18","2024","2027","4","$34,035,473","$8,508,868","Rookie"
"T255","Joe Smith","PF","MIN
                     MIN","2,000","2001","2006","6","$34,000,000","$5,666,667",""
"T255","Ryan Anderson","PF","NOH
                     NOH","23","2012","2015","4","$34,000,000","$8,500,000",""
"T257","Trevor Ariza","SF","HOU
                     HOU","23","2009","2013","5","$33,953,200","$6,790,640",""
"T257","Metta World Peace","SF","LAL
                     LAL","29","2009","2013","5","$33,953,200","$6,790,640",""
"259","Al Harrington","PF","DEN
                     DEN","29","2010","2014","5","$33,437,000","$6,687,400",""
"260","Scottie Barnes","PF","TOR
                     TOR","20","2021","2024","4","$33,064,660","$8,266,165","Rookie"
"261","P.J. Tucker","PF","PHI
                     PHI","37","2022","2024","3","$33,043,500","$11,014,500","Free Agent"
"T262","Maxi Kleber","PF","DAL
                     DAL","30","2023","2025","3","$33,000,000","$11,000,000","Veteran Extension"
"T262","Aaron Nesmith","SF","IND
                     IND","24","2024","2026","3","$33,000,000","$11,000,000","Rookie Extension"
"264","Lamar Odom","PF","LAL
                     LAL","29","2009","2012","4","$32,800,000","$8,200,000",""
"265","Rashard Lewis","PF","SEA
                     SEA","23","2003","2006","4","$32,727,273","$8,181,818",""
"T266","De'Andre Hunter","SF","ATL
                     ATL","21","2019","2022","4","$32,101,641","$8,025,410","Rookie"
"T266","Patrick Williams","PF","CHI
                     CHI","18","2020","2023","4","$32,101,641","$8,025,410","Rookie"
"268","Drew Gooden","PF","MIL
                     MIL","28","2010","2014","5","$32,048,400","$6,409,680",""
"269","Trevor Ariza","SF","WAS
                     WAS","28","2014","2017","4","$32,000,002","$8,000,001","sign-and-trade"
"270","Zeke Nnaji","PF","DEN
                     DEN","22","2024","2027","4","$32,000,001","$8,000,000","Rookie Extension"
"T271","Jamal Mashburn","SF","DAL
                     DAL","20","1993","1999","7","$32,000,000","$4,571,429","Rookie"
"T271","Cristiano Felicio","PF","CHI
                     CHI","24","2017","2020","4","$32,000,000","$8,000,000",""
"T271","Rudy Gay","PF","SAS
                     SAS","32","2019","2020","2","$32,000,000","$16,000,000","Free Agent"
"T271","Channing Frye","PF","ORL
                     ORL","30","2014","2017","4","$32,000,000","$8,000,000",""
"T271","Markieff Morris","PF","PHX
                     PHX","25","2015","2018","4","$32,000,000","$8,000,000","Rookie Extension"
"276","Tim Duncan","PF","SAS
                     SAS","23","2000","2002","3","$31,902,500","$10,634,167",""
"277","P.J. Tucker","PF","HOU
                     HOU","31","2017","2020","4","$31,878,148","$7,969,537",""
"278","Wilson Chandler","SF","DEN
                     DEN","23","2011","2015","5","$31,720,817","$6,344,163",""
"279","Antoine Walker","PF","BOS
                     BOS","28","2005","2008","4","$31,670,935","$7,917,734",""
"280","Nick Collison","PF","SEA
                     SEA","26","2007","2010","4","$31,600,000","$7,900,000","Rookie Extension"
"T281","Mirza Teletovic","PF","MIL
                     MIL","30","2016","2018","3","$31,500,000","$10,500,000",""
"T281","Terrence Ross","SF","TOR
                     TOR","24","2016","2018","3","$31,500,000","$10,500,000","Rookie Extension"
"283","Cody Martin","SF","CHA
                     CHA","26","2022","2025","4","$31,360,000","$7,840,000","Free Agent"
"284","Grant Hill","SF","DET
                     DET","21","1994","1999","6","$31,289,000","$5,214,833","Rookie"
"285","Peja Stojakovic","SF","SAC
                     SAC","2,000","2001","2005","5","$31,250,000","$6,250,000",""
"286","Cedi Osman","SF","CLE
                     CLE","24","2020","2023","4","$31,118,844","$7,779,711","Veteran Extension"
"287","Tim Duncan","PF","SAS
                     SAS","35","2012","2014","3","$30,361,446","$10,120,482",""
"288","Luke Walton","SF","LAL
                     LAL","26","2007","2012","6","$30,291,363","$5,048,561",""
"289","Udonis Haslem","PF","MIA
                     MIA","24","2005","2009","5","$30,250,000","$6,050,000",""
"290","Vladimir Radmanovic","SF","LAL
                     LAL","25","2006","2010","5","$30,247,000","$6,049,400",""
"291","Jason Thompson","PF","SAC
                     SAC","25","2012","2016","5","$30,187,500","$6,037,500",""
"292","Bilal Coulibaly","SF","WAS
                     WAS","18","2023","2026","4","$30,075,132","$7,518,783","Rookie"
"293","Jayson Tatum","PF","BOS
                     BOS","18","2017","2020","4","$30,073,320","$7,518,330","Rookie"
"294","Reggie Bullock","SF","DAL
                     DAL","30","2021","2023","3","$30,038,400","$10,012,800","Free Agent"
"T295","Danny Green","SF","LAL
                     LAL","31","2019","2020","2","$30,000,000","$15,000,000","Free Agent"
"T295","Kelly Oubre Jr.","SF","PHX
                     PHX","23","2019","2020","2","$30,000,000","$15,000,000","Free Agent"
"T295","Andre Iguodala","SF","MEM
                     MEM","35","2020","2021","2","$30,000,000","$15,000,000","extend-and-trade"
"T295","Derrick Jones Jr.","SF","LAC
                     LAC","27","2024","2026","3","$30,000,000","$10,000,000","Free Agent"
"T295","Channing Frye","PF","PHX
                     PHX","26","2010","2013","5","$30,000,000","$6,000,000",""
"T295","Anderson Varejao","PF","CLE
                     CLE","32","2015","2017","3","$30,000,000","$10,000,000","Veteran Extension"
"T295","Jared Dudley","SF","PHX
                     PHX","30","2016","2018","3","$30,000,000","$10,000,000",""
"T295","Al-Farouq Aminu","PF","POR
                     POR","24","2015","2018","4","$30,000,000","$7,500,000",""
"303","Josh Howard","SF","DAL
                     DAL","26","2007","2009","3","$29,835,000","$9,945,000","Extension"
"304","Juwan Howard","PF","ORL
                     ORL","29","2003","2008","5","$29,500,000","$5,900,000",""
"305","Marquis Daniels","SF","DAL
                     DAL","22","2004","2008","5","$29,418,000","$5,883,600",""
"306","Jaren Jackson Jr.","PF","MEM
                     MEM","18","2018","2021","4","$29,280,440","$7,320,110","Rookie"
"T307","Al-Farouq Aminu","PF","ORL
                     ORL","28","2019","2021","3","$29,162,700","$9,720,900","Free Agent"
"T307","Jae Crowder","SF","PHX
                     PHX","30","2020","2022","3","$29,162,700","$9,720,900","Free Agent"
"309","Clifford Robinson","PF","PHX
                     PHX","","1999","2002","4","$29,093,125","$7,273,281",""
"T310","Toni Kukoc","SF","PHI
                     PHI","31","2000","2003","4","$28,000,000","$7,000,000","Free Agent"
"T310","Nassir Little","SF","POR
                     POR","22","2023","2026","4","$28,000,000","$7,000,000","Rookie Extension"
"T310","Tayshaun Prince","SF","DET
                     DET","30","2011","2014","4","$28,000,000","$7,000,000",""
"313","Stephen Jackson","SF","GSW
                     GSW","31","2010","2012","3","$27,769,500","$9,256,500","Veteran Extension"
"314","Kyle Anderson","PF","MIN
                     MIN","30","2024","2026","3","$27,658,536","$9,219,512","sign-and-trade"
"315","Jarace Walker","PF","IND
                     IND","19","2023","2026","4","$27,566,102","$6,891,526","Rookie"
"316","Lance Thomas","SF","NYK
                     NYK","27","2016","2019","4","$27,549,950","$6,887,488",""
"317","Jerami Grant","PF","OKC
                     OKC","23","2018","2020","3","$27,346,153","$9,115,384",""
"318","Kenrich Williams","PF","OKC
                     OKC","27","2023","2026","4","$27,170,000","$6,792,500","Veteran Extension"
"T319","Jalen Smith","PF","CHI
                     CHI","24","2024","2026","3","$27,000,000","$9,000,000","Free Agent"
"T319","Dario Saric","PF","PHX
                     PHX","26","2020","2022","3","$27,000,000","$9,000,000","Free Agent"
"T319","Naji Marshall","SF","DAL
                     DAL","26","2024","2026","3","$27,000,000","$9,000,000","Free Agent"
"322","Paul Millsap","PF","UTA
                     UTA","23","2009","2012","4","$26,400,000","$6,600,000",""
"323","Kelly Olynyk","PF","TOR
                     TOR","32","2024","2025","2","$26,250,000","$13,125,000","Veteran Extension"
"T324","Carl Landry","PF","SAC
                     SAC","29","2013","2016","4","$26,000,000","$6,500,000",""
"T324","Andrew Nicholson","PF","WAS
                     WAS","26","2016","2019","4","$26,000,000","$6,500,000",""
"T324","Justise Winslow","SF","MIA
                     MIA","22","2019","2020","2","$26,000,000","$13,000,000","Rookie Extension"
"327","Glen Davis","PF","BOS
                     BOS","24","2011","2014","4","$25,700,000","$6,425,000",""
"328","John Salmons","SF","SAC
                     SAC","26","2006","2010","5","$25,520,000","$5,104,000",""
"329","Georges Niang","PF","CLE
                     CLE","30","2023","2025","3","$25,500,000","$8,500,000","Free Agent"
"330","Taylor Hendricks","PF","UTA
                     UTA","19","2023","2026","4","$25,351,580","$6,337,895","Rookie"
"331","Taurean Prince","PF","BKN
                     BKN","25","2020","2021","2","$25,250,000","$12,625,000","Rookie Extension"
"T332","Dirk Nowitzki","PF","DAL
                     DAL","37","2016","2016","1","$25,000,000","$25,000,000",""
"T332","C.J. Miles","SF","IND
                     IND","29","2017","2019","3","$25,000,000","$8,333,333",""
"T332","Trevor Ariza","SF","SAC
                     SAC","33","2019","2020","2","$25,000,000","$12,500,000","Free Agent"
"T332","James Posey","PF","NOH
                     NOH","2,007","2008","2011","4","$25,000,000","$6,250,000",""
"T332","Dirk Nowitzki","PF","DAL
                     DAL","35","2014","2016","3","$25,000,000","$8,333,333",""
"337","Jonathan Kuminga","PF","GSW
                     GSW","18","2021","2024","4","$24,855,347","$6,213,837","Rookie"
"338","Andrew Wiggins","SF","CLE
                     CLE","18","2014","2017","4","$24,850,243","$6,212,561","Rookie"
"339","Kelly Oubre Jr.","SF","CHA
                     CHA","25","2021","2022","2","$24,600,000","$12,300,000","Free Agent"
"340","Toni Kukoc","SF","CHI
                     CHI","25","1994","1999","6","$24,450,000","$4,075,000","Free Agent"
"341","Kurt Thomas","PF","NYK
                     NYK","27","2000","2004","4","$24,275,750","$6,068,938",""
"342","Jared Jeffries","PF","NYK
                     NYK","24","2006","2010","5","$24,197,200","$4,839,440",""
"343","Al Harrington","PF","IND
                     IND","21","2002","2005","4","$24,035,000","$6,008,750","Rookie Extension"
"T344","Eduardo Najera","PF","DAL
                     DAL","25","2002","2007","6","$24,000,000","$4,000,000",""
"T344","Kris Humphries","PF","BKN
                     BKN","26","2012","2013","2","$24,000,000","$12,000,000",""
"T344","Juwan Howard","PF","WAS
                     WAS","20","1994","1999","6","$24,000,000","$4,000,000","Rookie"
"T344","Zach Randolph","PF","SAC
                     SAC","35","2017","2018","2","$24,000,000","$12,000,000",""
"T344","Jason Kapono","SF","TOR
                     TOR","25","2007","2010","4","$24,000,000","$6,000,000",""
"T344","Caron Butler","SF","LAC
                     LAC","30","2011","2013","3","$24,000,000","$8,000,000",""
"T344","Robert Covington","PF","LAC
                     LAC","31","2022","2023","2","$24,000,000","$12,000,000","Veteran Extension"
"351","Matas Buzelis","SF","CHI
                     CHI","19","2024","2027","4","$23,950,723","$5,987,681","Rookie"
"352","Brandon Ingram","SF","LAL
                     LAL","18","2016","2019","4","$23,823,685","$5,955,921","Rookie"
"353","Drew Gooden","PF","CLE
                     CLE","24","2006","2008","3","$23,250,001","$7,750,000",""
"354","Jeremy Sochan","PF","SAS
                     SAS","19","2022","2025","4","$23,046,751","$5,761,688","Rookie"
"T355","Reggie Evans","PF","DEN
                     DEN","25","2006","2010","5","$23,000,000","$4,600,000",""
"T355","Darrell Arthur","PF","DEN
                     DEN","27","2016","2018","3","$23,000,000","$7,666,667",""
"357","Franz Wagner","SF","ORL
                     ORL","19","2021","2024","4","$22,781,932","$5,695,483","Rookie"
"T358","Spencer Hawes","PF","LAC
                     LAC","25","2014","2017","4","$22,652,350","$5,663,088",""
"T358","Josh McRoberts","PF","MIA
                     MIA","26","2014","2017","4","$22,652,350","$5,663,088",""
"360","James Posey","PF","MEM
                     MEM","2,002","2003","2006","4","$22,618,200","$5,654,550",""
"361","Nicolas Batum","SF","LAC
                     LAC","33","2022","2023","2","$22,554,168","$11,277,084","Free Agent"
"362","Antonio McDyess","PF","DET
                     DET","29","2004","2007","4","$22,553,800","$5,638,450",""
"363","Kurt Thomas","PF","NYK
                     NYK","32","2005","2007","3","$22,532,732","$7,510,911","Extension"
"364","Chuck Hayes","PF","SAC
                     SAC","27","2011","2014","4","$22,417,500","$5,604,375",""
"365","Jonathan Isaac","PF","ORL
                     ORL","19","2017","2020","4","$22,324,406","$5,581,102","Rookie"
"366","Jabari Parker","PF","MIL
                     MIL","18","2014","2016","3","$22,239,712","$7,413,237","Rookie"
"367","Obi Toppin","PF","NYK
                     NYK","22","2020","2023","4","$22,118,492","$5,529,623","Rookie"
"T368","Doug McDermott","SF","IND
                     IND","25","2018","2020","3","$22,000,000","$7,333,333",""
"T368","Joe Ingles","SF","ORL
                     ORL","35","2023","2024","2","$22,000,000","$11,000,000","Free Agent"
"370","Martell Webster","SF","WAS
                     WAS","26","2013","2016","4","$21,990,500","$5,497,625",""
"371","Larry Nance Jr.","PF","NOP
                     NOP","29","2023","2024","2","$21,580,000","$10,790,000","Veteran Extension"
"372","Evan Turner","SF","PHI
                     PHI","21","2010","2013","4","$21,523,507","$5,380,877","Rookie"
"373","Jaylen Brown","SF","BOS
                     BOS","19","2016","2019","4","$21,404,269","$5,351,067","Rookie"
"374","Jared Dudley","SF","PHX
                     PHX","25","2011","2015","5","$21,250,000","$4,250,000","Rookie Extension"
"375","Mickael Pietrus","SF","ORL
                     ORL","25","2008","2011","4","$21,200,000","$5,300,000",""
"376","Ousmane Dieng","SF","OKC
                     OKC","19","2022","2025","4","$21,066,202","$5,266,551","Rookie"
"377","Juancho Hernangomez","PF","MIN
                     MIN","25","2020","2022","3","$21,037,320","$7,012,440","Free Agent"
"378","Darko Milicic","PF","MEM
                     MEM","21","2007","2009","3","$21,020,000","$7,006,667",""
"T379","Ersan Ilyasova","PF","MIL
                     MIL","30","2018","2020","3","$21,000,000","$7,000,000",""
"T379","Josh Childress","SF","PHX
                     PHX","28","2012","2014","3","$21,000,000","$7,000,000","amnesty"
"T379","Bojan Bogdanovic","SF","IND
                     IND","27","2017","2018","2","$21,000,000","$10,500,000",""
"382","Rodney Hood","SF","POR
                     POR","28","2020","2021","2","$20,898,696","$10,449,348","Free Agent"
"383","Michael Kidd-Gilchrist","SF","CHA
                     CHA","18","2012","2015","4","$20,760,923","$5,190,231","Rookie"
"384","DeMarre Carroll","SF","BKN
                     BKN","32","2019","2021","3","$20,650,000","$6,883,333","Free Agent"
"385","Jae’Sean Tate","SF","HOU
                     HOU","26","2022","2024","3","$20,630,434","$6,876,811","Free Agent"
"386","Nemanja Bjelica","PF","SAC
                     SAC","29","2018","2020","3","$20,475,000","$6,825,000",""
"387","Caleb Martin","SF","MIA
                     MIA","26","2022","2024","3","$20,408,850","$6,802,950","Free Agent"
"388","Lauri Markkanen","PF","CHI
                     CHI","19","2017","2020","4","$20,389,668","$5,097,417","Rookie"
"T389","Rui Hachimura","PF","WAS
                     WAS","20","2019","2022","4","$20,341,348","$5,085,337","Rookie"
"T389","Deni Avdija","SF","WAS
                     WAS","19","2020","2023","4","$20,341,348","$5,085,337","Rookie"
"391","Udonis Haslem","PF","MIA
                     MIA","29","2010","2013","5","$20,300,000","$4,060,000",""
"392","Jalen Williams","SF","OKC
                     OKC","21","2022","2025","4","$20,256,917","$5,064,229","Rookie"
"393","Michael Beasley","SF","MIN
                     MIN","18","2008","2011","4","$20,178,147","$5,044,537","Rookie"
"394","Martell Webster","SF","MIN
                     MIN","22","2009","2011","4","$20,121,000","$5,030,250","Rookie Extension"
"T395","Marcus Morris Sr.","SF","PHX
                     PHX","25","2015","2018","4","$20,000,000","$5,000,000","Rookie Extension"
"T395","Jonathon Simmons","SF","ORL
                     ORL","27","2017","2019","3","$20,000,000","$6,666,667",""
"T395","Danny Green","SF","PHI
                     PHI","34","2021","2022","2","$20,000,000","$10,000,000","Free Agent"
"T395","Jason Maxiell","PF","DET
                     DET","25","2009","2012","4","$20,000,000","$5,000,000","Extension"
"T395","David West","PF","IND
                     IND","30","2011","2012","2","$20,000,000","$10,000,000",""
"T395","Zach Randolph","PF","MEM
                     MEM","33","2015","2016","2","$20,000,000","$10,000,000","Veteran Extension"
"T395","Jabari Parker","PF","CHI
                     CHI","22","2018","2018","1","$20,000,000","$20,000,000",""
"402","Andrei Kirilenko","SF","MIN
                     MIN","30","2012","2013","2","$19,998,769","$9,999,385",""
"403","Sasha Vezenkov","SF","SAC
                     SAC","27","2023","2025","3","$19,975,609","$6,658,536","Free Agent"
"404","Ziaire Williams","SF","MEM
                     MEM","19","2021","2024","4","$19,907,925","$4,976,981","Rookie"
"405","Luol Deng","SF","MIA
                     MIA","28","2014","2015","2","$19,866,073","$9,933,037",""
"406","Kevin Durant","SF","SEA
                     SEA","18","2007","2010","4","$19,505,783","$4,876,446","Rookie"
"407","Chris Wilcox","PF","SEA
                     SEA","23","2006","2008","3","$19,500,000","$6,500,000",""
"408","Scottie Pippen","SF","CHI
                     CHI","25","1991","1997","7","$19,445,000","$2,777,857","Veteran Extension"
"409","Brandon Bass","PF","BOS
                     BOS","26","2012","2014","3","$19,350,000","$6,450,000",""
"T410","Cam Reddish","SF","ATL
                     ATL","19","2019","2022","4","$19,328,334","$4,832,084","Rookie"
"T410","Jalen Smith","PF","PHX
                     PHX","19","2020","2023","4","$19,328,334","$4,832,084","Rookie"
"412","Otto Porter Jr.","SF","WAS
                     WAS","19","2013","2016","4","$19,305,421","$4,826,355","Rookie"
"413","Dragan Bender","PF","PHX
                     PHX","18","2016","2019","4","$19,302,919","$4,825,730","Rookie"
"T414","Saddiq Bey","SF","WAS
                     WAS","25","2024","2026","3","$19,000,000","$6,333,333","Free Agent"
"T414","Paul Millsap","PF","ATL
                     ATL","27","2013","2014","2","$19,000,000","$9,500,000",""
"T414","Kyle Singler","SF","OKC
                     OKC","26","2015","2018","4","$19,000,000","$4,750,000",""
"417","Charles Barkley","PF","PHX
                     PHX","29","1993","1997","5","$18,985,000","$3,797,000","Veteran Extension"
"418","Derrick Jones Jr.","SF","POR
                     POR","23","2020","2021","2","$18,978,900","$9,489,450","Free Agent"
"419","Rasheed Wallace","PF","BOS
                     BOS","34","2009","2011","3","$18,966,960","$6,322,320",""
"420","LaMarcus Aldridge","PF","POR
                     POR","20","2006","2007","4","$18,832,907","$4,708,227","Rookie"
"421","Linas Kleiza","SF","TOR
                     TOR","24","2010","2013","4","$18,800,000","$4,700,000",""
"422","LeBron James","PF","CLE
                     CLE","18","2003","2006","4","$18,788,540","$4,697,135","Rookie"
"423","Luc Richard Mbah a Moute","PF","MIL
                     MIL","24","2011","2014","4","$18,765,152","$4,691,288",""
"424","Landry Fields","SF","TOR
                     TOR","23","2012","2014","3","$18,750,000","$6,250,000",""
"425","Ochai Agbaji","SF","CLE
                     CLE","22","2022","2025","4","$18,726,365","$4,681,591","Rookie"
"426","Kristaps Porzingis","PF","NYK
                     NYK","19","2015","2018","4","$18,650,094","$4,662,524","Rookie"
"427","Cameron Johnson","SF","PHX
                     PHX","22","2019","2022","4","$18,593,499","$4,648,375","Rookie"
"428","Kevin Knox","SF","NYK
                     NYK","18","2018","2021","4","$18,554,698","$4,638,675","Rookie"
"429","Rudy Gay","PF","UTA
                     UTA","34","2021","2023","3","$18,553,500","$6,184,500","Free Agent"
"430","Dean Wade","PF","CLE
                     CLE","25","2023","2025","3","$18,500,000","$6,166,667","Veteran Extension"
"431","Dalton Knecht","SF","LAL
                     LAL","23","2024","2027","4","$18,483,220","$4,620,805","Rookie"
"432","Trevor Booker","PF","BKN
                     BKN","28","2016","2017","2","$18,375,000","$9,187,500",""
"433","Marvin Williams","PF","ATL
                     ATL","18","2005","2008","4","$18,160,543","$4,540,136","Rookie"
"434","Patrick Patterson","PF","TOR
                     TOR","24","2014","2016","3","$18,150,001","$6,050,000",""
"435","Tyrus Thomas","PF","CHA
                     CHA","26","2013","2014","2","$18,082,645","$9,041,323","amnesty"
"436","Aaron Gordon","PF","ORL
                     ORL","18","2014","2017","4","$18,019,460","$4,504,865","Rookie"
"T437","Hakim Warrick","PF","PHX
                     PHX","27","2010","2013","4","$18,000,000","$4,500,000",""
"T437","Jonas Jerebko","PF","DET
                     DET","23","2011","2014","4","$18,000,000","$4,500,000",""
"T437","Kyle Anderson","PF","MIN
                     MIN","28","2022","2023","2","$18,000,000","$9,000,000","Free Agent"
"T437","Michael Beasley","SF","PHX
                     PHX","22","2012","2014","3","$18,000,000","$6,000,000",""
"441","C.J. Miles","SF","IND
                     IND","26","2014","2017","4","$17,955,350","$4,488,838",""
"442","Karl Malone","PF","UTA
                     UTA","26","1990","1995","5","$17,805,800","$3,561,160","Rookie Extension"
"443","Julius Randle","PF","NOP
                     NOP","23","2018","2019","2","$17,714,050","$8,857,025",""
"444","Chris Duarte","SF","IND
                     IND","24","2021","2024","4","$17,704,528","$4,426,132","Rookie"
"445","Jerry Stackhouse","SF","BKN
                     BKN","30","2005","2006","2","$17,664,061","$8,832,031","Extension"
"446","Wesley Johnson","SF","LAC
                     LAC","28","2016","2018","3","$17,643,780","$5,881,260",""
"447","Mikal Bridges","SF","PHX
                     PHX","21","2018","2021","4","$17,630,685","$4,407,671","Rookie"
"448","Toni Kukoc","SF","CHI
                     CHI","24","1993","2000","8","$17,600,000","$2,200,000","Rookie"
"449","Tristan Da Silva","SF","ORL
                     ORL","23","2024","2027","4","$17,567,626","$4,391,907","Rookie"
"450","Rudy Gay","PF","SAS
                     SAS","30","2017","2018","2","$17,232,300","$8,616,150",""
"451","Luis Scola","PF","HOU
                     HOU","31","2012","2014","3","$17,173,866","$5,724,622","amnesty"
"452","Brandan Wright","PF","MEM
                     MEM","27","2015","2017","3","$17,129,640","$5,709,880",""
"453","A.J. Griffin","SF","ATL
                     ATL","18","2022","2025","4","$17,106,137","$4,276,534","Rookie"
"454","Alan Williams","PF","PHX
                     PHX","23","2017","2019","3","$17,000,000","$5,666,667",""
"455","Jaime Jaquez Jr.","SF","MIA
                     MIA","22","2023","2026","4","$16,997,141","$4,249,285","Rookie"
"456","Willie Green","SF","PHI
                     PHI","24","2006","2010","5","$16,940,000","$3,388,000",""
"457","Adam Morrison","SF","WAS
                     WAS","21","2006","2009","4","$16,920,989","$4,230,247","Rookie"
"458","Darko Milicic","PF","DET
                     DET","17","2003","2006","4","$16,815,062","$4,203,766","Rookie"
"459","Anthony Bennett","PF","CLE
                     CLE","19","2013","2015","3","$16,691,760","$5,563,920","Rookie"
"460","Antonio McDyess","PF","DEN
                     DEN","20","1995","1998","4","$16,634,640","$4,158,660","Rookie"
"461","Nikola Mirotic","PF","CHI
                     CHI","22","2014","2016","3","$16,631,175","$5,543,725","Rookie"
"462","Kenyon Martin","PF","NJN
                     NJN","22","2000","2004","4","$16,534,449","$4,133,612","Rookie"
"463","Aaron Nesmith","SF","BOS
                     BOS","21","2020","2023","4","$16,528,217","$4,132,054","Rookie"
"T464","P.J. Tucker","PF","PHX
                     PHX","28","2014","2016","3","$16,500,000","$5,500,000",""
"T464","Kevin Garnett","PF","MIN
                     MIN","38","2015","2016","2","$16,500,000","$8,250,000",""
"466","JaMychal Green","PF","DEN
                     DEN","31","2021","2022","2","$16,400,000","$8,200,000","Free Agent"
"467","Kelly Oubre Jr.","SF","PHI
                     PHI","28","2024","2025","2","$16,365,150","$8,182,575","Free Agent"
"468","Corey Kispert","SF","WAS
                     WAS","22","2021","2022","4","$16,364,408","$4,091,102","Rookie"
"469","Patrick Patterson","PF","OKC
                     OKC","27","2017","2019","3","$16,354,800","$5,451,600",""
"470","Miles Bridges","SF","CHA
                     CHA","19","2018","2021","4","$16,317,853","$4,079,463","Rookie"
"471","Tari Eason","PF","HOU
                     HOU","21","2022","2025","4","$16,257,246","$4,064,312","Rookie"
"472","JaMychal Green","PF","MEM
                     MEM","26","2017","2018","2","$16,200,000","$8,100,000",""
"473","J.J Hickson","PF","DEN
                     DEN","24","2013","2015","3","$16,145,250","$5,381,750",""
"474","Elton Brand","PF","PHI
                     PHI","32","2012","2012","1","$16,060,354","$16,060,354","amnesty"
"T475","Simone Fontecchio","SF","DET
                     DET","28","2024","2025","2","$16,000,000","$8,000,000","Free Agent"
"T475","Kenyon Martin Jr.","SF","PHI
                     PHI","23","2024","2025","2","$16,000,000","$8,000,000","Free Agent"
"T475","Brandon Bass","PF","ORL
                     ORL","23","2009","2011","4","$16,000,000","$4,000,000",""
"T475","Anthony Tolliver","PF","SAC
                     SAC","30","2016","2017","2","$16,000,000","$8,000,000",""
"T475","Travis Outlaw","SF","NJN
                     NJN","26","2011","2014","4","$16,000,000","$4,000,000","amnesty"
"T475","Thaddeus Young","PF","TOR
                     TOR","34","2022","2023","2","$16,000,000","$8,000,000","Veteran Extension"
"T475","Trey Lyles","PF","SAC
                     SAC","27","2023","2024","2","$16,000,000","$8,000,000","Free Agent"
"T475","Jeff Green","PF","HOU
                     HOU","36","2023","2024","2","$16,000,000","$8,000,000","Free Agent"
"483","Antonio McDyess","PF","SAS
                     SAS","34","2009","2011","3","$15,934,000","$5,311,333",""
"484","Karl Malone","PF","UTA
                     UTA","32","1996","1998","3","$15,917,578","$5,305,859","Veteran Extension"
"485","Sekou Doumbouya","SF","DET
                     DET","18","2019","2022","4","$15,887,971","$3,971,993","Rookie"
"486","Nenad Krstic","PF","OKC
                     OKC","2,007","2008","2010","3","$15,800,000","$5,266,667",""
"487","Elton Brand","PF","CHI
                     CHI","19","1999","2002","4","$15,783,136","$3,945,784","Rookie"
"488","Jason Smith","PF","WAS
                     WAS","29","2016","2018","3","$15,675,000","$5,225,000",""
"489","Keith Bogans","SF","BOS
                     BOS","32","2013","2015","3","$15,629,874","$5,209,958","sign-and-trade"
"490","Cam Whitmore","SF","HOU
                     HOU","18","2023","2026","4","$15,595,310","$3,898,828","Rookie"
"491","Tyrus Thomas","PF","CHI
                     CHI","19","2006","2009","4","$15,259,558","$3,814,890","Rookie"
"492","DaRon Holmes II","PF","DEN
                     DEN","21","2024","2027","4","$15,203,658","$3,800,915","Rookie"
"493","Noah Clowney","PF","BKN
                     BKN","18","2023","2026","4","$15,146,274","$3,786,569","Rookie"
"494","Jalen Smith","PF","IND
                     IND","22","2022","2024","3","$15,131,319","$5,043,773","Free Agent"
"495","Carmelo Anthony","PF","DEN
                     DEN","18","2003","2006","4","$15,108,241","$3,777,060","Rookie"
"496","Chuma Okeke","PF","ORL
                     ORL","22","2020","2023","4","$15,098,193","$3,774,548","Rookie"
"497","Michael Porter Jr.","SF","DEN
                     DEN","19","2018","2021","4","$15,093,095","$3,773,274","Rookie"
"498","Steve Novak","SF","NYK
                     NYK","28","2012","2015","4","$15,000,002","$3,750,001",""
"T499","Chase Budinger","SF","MIN
                     MIN","24","2013","2015","3","$15,000,000","$5,000,000",""
"T499","Trevor Ariza","SF","PHX
                     PHX","32","2018","2018","1","$15,000,000","$15,000,000",""
